app,n,cohort_revenue,revenue_std,arpu
air.com.beachbumgammon,2,0.18336326953636303,0.09168163476818152,0.09168163476818152
and.brainworks.holeemall,1,0.27619595379989503,0.0,0.27619595379989503
and.lihuhu.blossommaster,3,0.03805560984315824,0.010820495090417671,0.012685203281052748
and.lihuhu.mahjongtriple3d,1,0.0,0.0,0.0
and.lihuhu.matchpair3d,1,0.5583828222892318,0.0,0.5583828222892318
and.lihuhu.tilesinhole,2,2.18671603140281,0.9674281050267456,1.093358015701405
and.matchgames.zenblossom,1,0.004455125371428572,0.0,0.004455125371428572
animal.connect.relax.match.puzzle,1,0.21868862298478814,0.0,0.21868862298478814
antivirus.security.clean.master.battery.ora,1,0.0213087311925,0.0,0.0213087311925
archery.clash.tournament,2,0.6367075769457022,0.014110286311840511,0.3183537884728511
art.of.find.hidden.object.puzzle.journey,3,1.7160656503590443,0.6889761896674611,0.5720218834530147
at.ner.SolitaireFreeCell,1,0.10076704647796184,0.0,0.10076704647796184
at.ner.SolitaireKlondike,1,0.04310415741646797,0.0,0.04310415741646797
atlantis.invaders.subnautica.space.shooter,1,0.03850972924761905,0.0,0.03850972924761905
barcelona.wonder.drop,1,0.490042498716917,0.0,0.490042498716917
beetles.puzzle.solitaire,209,2.8414331066231098,0.03605459391184168,0.013595373715900047
bible.wordgame.words.connect.crossword.cookies,4,0.40389851338713234,0.10349583028837411,0.10097462834678309
bitcoin.minning.com,1,0.09068256741099999,0.0,0.09068256741099999
blackjack.casino.card.game,12,1.0386857818945612,0.1472913041533386,0.08655714849121343
block.escape.tap.away.puzzle,2,0.30398453287485455,0.10321418896678339,0.15199226643742728
block.puzzle.jigsaw.jewel.wood.blocks.sudoku.shape.tetris.game,2,0.0038460766233333332,0.0019230383116666666,0.0019230383116666666
block.puzzle.sudoku.free.game.classic.offline,6,0.0,0.0,0.0
buraco.canasta.card.game.burraco.trick.rummy.online.multiplayer.offline.free,1,0.0,0.0,0.0
canasta.card.game.trick.rummy.poker.joker.online.multiplayer.offline.game,15,1.5544440160370057,0.23385877596507004,0.10362960106913371
candy.craze.match3.free.android,7,0.00278,0.0009727973549910336,0.00039714285714285714
car.jam.traffic.seat.unblock,3,0.848791319926638,0.36618625663090265,0.282930439975546
car.parking.jam.solver.puzzle.games,3,0.3563067187280712,0.058207243407426376,0.11876890624269039
card.games.free.cell.freecell.solitaire,1,0.004409758665119443,0.0,0.004409758665119443
casino.wild.jackpot.slots.android,1,0.5083389681584255,0.0,0.5083389681584255
castle.vanishingcross.kingscorner.solitaire.cardgames.free.offline.klondike.patience,4,0.46309088637658125,0.06022546945480756,0.11577272159414531
classic.card.solitaire.pgmaker,1,0.003589120898308548,0.0,0.003589120898308548
classic.klondike.solitaire.cardgame.patience.lite,1,0.14434145008374266,0.0,0.14434145008374266
closet.match.pair.matching.games,3,0.5963827361505832,0.27380361439869433,0.19879424538352775
color.bolts.sorting.nuts.sort,1,0.007441635,0.0,0.007441635
color.match.line.connect.brain.puzzle,1,0.3099403107284682,0.0,0.3099403107284682
color.sketch.art.puzzle,1,0.04575666544532312,0.0,0.04575666544532312
com.AliceTile.Story.Secret.and,1,0.1081592509975321,0.0,0.1081592509975321
com.BallGames.Woodturning,1,0.07887845496399999,0.0,0.07887845496399999
com.CyberCats.LoveLoop,156,1.2627155663597622,0.02471390140472375,0.008094330553588219
com.Garawell.BridgeRace,7,1.0227231413489797,0.2685733085195869,0.1461033059069971
com.GnarlyGameStudio.FrontlineHeroes,8,5.154514886100999,1.589428881035871,0.6443143607626248
com.GybeGames.ColorBlockJam,3,0.43663355038097895,0.14813872492376542,0.14554451679365965
com.GybeGames.FillTheFridgeTest,1,0.04125939128700923,0.0,0.04125939128700923
com.Helium9Games.TennisArena2021,1,0.008007852523809523,0.0,0.008007852523809523
com.Jbm360.ModernTowerDefense,1,0.3087294333080751,0.0,0.3087294333080751
com.JindoBlu.OfflineGames,1,0.4318461698361757,0.0,0.4318461698361757
com.LaykaGames.MazeMaker,5,0.018219383187723467,0.004993417977142826,0.0036438766375446936
com.Lightneer.BazookaBoy,1,0.5069679151459461,0.0,0.5069679151459461
com.LoopGames.Domino,20,3.194236199688013,0.16497179523092192,0.15971180998440065
com.LoopGames.Freecell,1,0.255823354233424,0.0,0.255823354233424
com.LoopGames.Yatzy,5,0.46800666582156364,0.07564967791779276,0.09360133316431272
com.MojoGames.EraEvolution,1,0.014664763596374511,0.0,0.014664763596374511
com.Parkour.Master.Escape.Games,9,0.4975079160860279,0.07850241963127652,0.05527865734289199
com.Parkour.Master.Obby.Games,1,0.038728558567326425,0.0,0.038728558567326425
com.PixelMiller.UnrealChemist,1,0.0,0.0,0.0
com.PlayHallaGames.BallsNRopes,1,0.12065122365321143,0.0,0.12065122365321143
com.Polystation.BuildABabe,3,0.11270765195147253,0.05017648017660778,0.03756921731715751
com.RastleksGames.TheShootout,2,0.6418328384892075,0.20718308009238567,0.32091641924460373
com.SnackGamer.SpiderEvolutionRun,6,0.2611083077511591,0.0521284862264375,0.04351805129185985
com.SparksGames.JumWorldMatchPuzzleGame,14,0.02243318313686304,0.0027506841862951848,0.0016023702240616459
com.TikGames.DominoMaster,4,1.900089072053818,0.08605110498289965,0.4750222680134545
com.TinyBit.GameOfWords,1,0.0,0.0,0.0
com.TreetopCrew.EarthInc,1,0.0574903501314779,0.0,0.0574903501314779
com.WalkTalk.FlightMaster,2,0.4826644634050667,0.15845689472924465,0.24133223170253335
com.YsoCorp.MobileRun,99,0.5480311983602447,0.013810033633059281,0.005535668670305503
com.YsoCorp.MonsterBall,15,0.048100195402647865,0.006417936750739867,0.0032066796935098577
com.YsoCorp.RetroBattle,32,0.35669483880672886,0.02630539165056158,0.011146713712710277
com.YsoCorp.RiotEscape,37,0.34991683730027456,0.03435029685364396,0.00945721181892634
com.YsoCorp.SlashRoyal,8,0.03756565271428572,0.012423671864977316,0.004695706589285715
com.aaaudi.wordmaker,2,0.4633943782178215,0.18321557011896417,0.23169718910891074
com.abi.busjam.sortpuzzle,81,0.6195517086866297,0.020726459601834456,0.0076487865269954285
com.abi.royalcarcustom,1,0.09093846484571427,0.0,0.09093846484571427
com.abi.skewer.sort,1,0.23494899586155144,0.0,0.23494899586155144
com.action.shoot.healthy.guy,1,0.057187374915824436,0.0,0.057187374915824436
com.actopolus.PixelDudeSandbox,1,0.000595502202434519,0.0,0.000595502202434519
com.adfone.aditup,7,0.6067039954913589,0.07523156890935534,0.08667199935590841
com.advant.streamer,2,0.2330656461913714,0.04866322989823994,0.1165328230956857
com.afgame.app.poolball,8,4.876745027942589,0.8705626357113202,0.6095931284928237
com.agedstudio.bible.trivia.knowledge,1,0.05075087340964202,0.0,0.05075087340964202
com.agedstudio.board.game.dominoes,1,0.011008327000000002,0.0,0.011008327000000002
com.akpublish.zombie,2,0.617933252663649,0.25123034778325304,0.3089666263318245
com.allenmm.archery,2,0.06698555430786779,0.03114715239111512,0.033492777153933895
com.amanotes.pamadancingroad,1,0.0019535238000000003,0.0,0.0019535238000000003
com.amelosinteractive.snake,1,0.007925542123809524,0.0,0.007925542123809524
com.an.satisday.antistress.organizinggame,10,0.7350274061265347,0.08184974658288428,0.07350274061265347
com.andaman.games.block.puzzle.free,1,0.030441404327341735,0.0,0.030441404327341735
com.animal.hunter.sniper,5,0.7166575517938328,0.15106195977814957,0.14333151035876657
com.appideas.minimonsters,6,0.5030203630759732,0.07569472243641119,0.08383672717932887
com.arcadiastudio.mahjong.puzzle,2,0.06610207933792542,0.0312667716689627,0.03305103966896271
com.aredstudio.beachresort,6,0.25347555695466395,0.03286802190380251,0.04224592615911066
com.art.pixel.beauty.girl.games.paint.color.by.numbers,1,0.002516737,0.0,0.002516737
com.artisitc.jigsaw.art.puzzle.jigsaw.game,3,0.18585978476197845,0.06538707008027675,0.06195326158732615
com.artlife.color.number.coloring.book,1,0.0,0.0,0.0
com.artoon.bidwhistoffline,10,0.7764467912145763,0.09784794105111057,0.07764467912145763
com.atknsyl.weaponmaster,1,0.9055687707073115,0.0,0.9055687707073115
com.audiomack,2,0.2420030295006535,0.12100151475032675,0.12100151475032675
com.autocutout.backgrounderaser,476,17.640712593680693,0.10294056268734961,0.03706032057495944
com.awesome.puzzlehexasort,1,0.0,0.0,0.0
com.azgame.app.poolcity,1,0.0,0.0,0.0
com.balloon.master.cube.match,1,0.024754935690817832,0.0,0.024754935690817832
com.balloon.triple.match.master3d.game,93,1.0447645099376737,0.02649545631326073,0.011234026988577136
com.battlecreek.nolimit2,1,0.11696660078357989,0.0,0.11696660078357989
com.bcaapps.scanner,3,0.4249556120939868,0.16629757677852336,0.1416518706979956
com.beauty.tiles.story.makeover.puzzle.match,1,0.8958884956396426,0.0,0.8958884956396426
com.biblelauncher.prayer.audiobiblekjv,6,1.6222542917992675,0.15730305571916492,0.2703757152998779
com.bid.master.war.auction.battle,1,0.282556766182564,0.0,0.282556766182564
com.bigc.daily.jigsaw.puzzles,1,0.8761871417570766,0.0,0.8761871417570766
com.bigcake.android.bubbledaily,1,0.006951886789383761,0.0,0.006951886789383761
com.bigcake.android.classicdominoes,2,0.07057342265904763,0.034627711329523816,0.035286711329523816
com.bigcake.android.classicyatzy,6,3.100359254807815,0.7152201801130699,0.5167265424679691
com.bigcake.android.dicemerge,1,0.1035564766696817,0.0,0.1035564766696817
com.bigcake.android.mahjongmatch,16,3.3595180191247653,0.26390841958745104,0.20996987619529783
com.bigcake.android.solitairedaily,1,0.08619230826248121,0.0,0.08619230826248121
com.bigcake.android.solitairefish,1,0.20628916676599374,0.0,0.20628916676599374
com.bigcake.android.spadesclassic,3,0.2000929217373793,0.08711944604279097,0.06669764057912643
com.bigcake.android.spidersolitaire,2,0.001908329,0.0001356545000000001,0.0009541645
com.bigfishgames.cookingcrazegooglef2p,1,0.32757346065402204,0.0,0.32757346065402204
com.bigfishgames.fairwaysolitaireuniversalf2pgoogle,1,0.035508254630764964,0.0,0.035508254630764964
com.bigfishgames.gummydropgoogle,1,0.16015654770709367,0.0,0.16015654770709367
com.bigfishgames.mergetalesgoog,1,0.003319499,0.0,0.003319499
com.biglime.cookingmadness,2,0.054579751676190474,0.027289875838095237,0.027289875838095237
com.bigwinepot.nwdn.international,1,0.0,0.0,0.0
com.billiards.shooting.ball.pool,1,0.716146208915572,0.0,0.716146208915572
com.bitmango.go.bubblepop,1,0.6182596104598963,0.0,0.6182596104598963
com.black.happy.art.jigsaw.puzzle.free.game,1,0.10043067948043363,0.0,0.10043067948043363
com.blackhole.collector.master,1,0.46073910255512857,0.0,0.46073910255512857
com.blackout.backgammon,2,1.1877667143597526,0.5248463031798762,0.5938833571798763
com.blackout.bubble,4,0.9624712253193263,0.12336884651770999,0.24061780632983157
com.blackout.gin,16,3.637161702745324,0.344524941634837,0.22732260642158275
com.blackout.match3,1,0.07403502221637762,0.0,0.07403502221637762
com.blackout.spades,6447,2222.4332269865554,0.6699486342090719,0.3447236275766334
com.block.game.jigsaw.puzzles,3,0.0,0.0,0.0
com.blossom.match.flower.sort.game,1,0.5183224657702566,0.0,0.5183224657702566
com.bonnie.trafficescape,3,0.3755702593094831,0.14315667376028893,0.12519008643649437
com.boombitgames.Dartsy,13,3.0155053356553605,0.2222727630784604,0.23196194889656618
com.bowling.club,1,0.03882621764559151,0.0,0.03882621764559151
com.bpfit.bloodpressure.health,1,0.4008767161726844,0.0,0.4008767161726844
com.braingames.findthedog,356,2.7067545451947947,0.03051430078830262,0.007603243104479761
com.braingames.hollywoodtriplematch,105,0.7334579262261451,0.023534022115619876,0.006985313583106144
com.braingames.solitairetriplematch,12,0.0035770333333333335,0.0009886397857717453,0.0002980861111111111
com.braingames.wordnature,8,0.007450063,0.0024638767437204744,0.000931257875
com.brainium.solitairefree,1,0.03696194659746269,0.0,0.03696194659746269
com.brgame.app.zumablast,1,0.1622872925231254,0.0,0.1622872925231254
com.brick.block.game,2,0.04762460790890624,0.023095161097310263,0.02381230395445312
com.bricks.legend,1,0.0,0.0,0.0
com.bubble.shooter.boom.star.games,1,0.1478737916521957,0.0,0.1478737916521957
com.bubblepop.blast.shooter.free.puzzlegame,2,0.20189465587925293,0.09659318034831868,0.10094732793962646
com.bubbleshooter.pop.go.classic.puzzle.games,1,0.0,0.0,0.0
com.bubbleshooter.popbubbles.collectcards,1,0.0589295186779413,0.0,0.0589295186779413
com.cakesort.color3d,1,0.057343997955322266,0.0,0.057343997955322266
com.callapp.contacts,5,3.0581384388308663,0.41238391803811886,0.6116276877661733
com.candy.sweet.legend.free,1,0.0,0.0,0.0
com.candywriter.bitlife,1,0.13825157733646837,0.0,0.13825157733646837
com.car.parking.bus.mania.traffic.jam,2,0.18894083030402098,0.09347041515201049,0.09447041515201049
com.cardgame.solitaire,1,0.0040542600000000005,0.0,0.0040542600000000005
com.cardgame.spider.fishdom,1,0.005968906380952381,0.0,0.005968906380952381
com.carson.word.search,6,0.5783800553338128,0.11427381209741169,0.09639667588896879
com.cassette.aquapark,1,0.3456947275961905,0.0,0.3456947275961905
com.casualino.vipspades,8,1.0713395713518612,0.15383789922354862,0.13391744641898265
com.cat.defenders.shelling.snake.and,1,0.0369256337720905,0.0,0.0369256337720905
com.catool.solitaire.card,2,1.8555964795971276,0.08840643021943626,0.9277982397985638
com.ces.fire.hexagon.match,1,0.0,0.0,0.0
com.christmas.winter.happy.art.jigsaw.puzzle.free.game,1,0.0,0.0,0.0
com.cjbm.bloomblast,1,0.0,0.0,0.0
com.cleaning.go.pleate,9,0.22641881299144054,0.03985612979277506,0.025157645887937837
com.clipwiregames.monopolybingo,1,0.009063065238095238,0.0,0.009063065238095238
com.clipwiregames.tpirbingo,3,1.1060592457215417,0.2545949955844066,0.3686864152405139
com.color.number.sanbox.pixel.art,5,0.48054522412185835,0.07050205458737618,0.09610904482437167
com.combineinc.streetracing.driftthreeD,1,0.24700241478274315,0.0,0.24700241478274315
com.concretesoftware.golf,2,0.05249904865673828,0.02624952432836914,0.02624952432836914
com.concretesoftware.pbachallenge_androidmarket,1,0.049399999999999986,0.0,0.049399999999999986
com.concretesoftware.spades_demobuynow,5,0.5661520838393723,0.13511301494720143,0.11323041676787446
com.cookapps.beagles.ng003,1,0.06910034673881416,0.0,0.06910034673881416
com.cookie.match3.casual,1,0.050191206414291964,0.0,0.050191206414291964
com.cooking.bingo.ldkwh,1,0.01481625,0.0,0.01481625
com.cooking.world.chef.craze.restaurant.fever.free,2,0.0948876688532545,0.04744383442662725,0.04744383442662725
com.corecleaner.corecleaner,1,0.01473791908095238,0.0,0.01473791908095238
com.corestudios.storemanagementidle,1,0.0,0.0,0.0
com.cover.zombie.fire.shooter,1,0.24311577370751955,0.0,0.24311577370751955
com.creations.runnergame,1,0.0,0.0,0.0
com.creativestarsgames.bombevolution,4,0.45277782512570286,0.10167672875535685,0.11319445628142571
com.dalakgames.pixeldestruction,3,0.10721966094945518,0.014354117550087656,0.035739886983151725
com.dark.happy.art.jigsaw.puzzle.free.game,1,0.34497278635121215,0.0,0.34497278635121215
com.dcjnmed.jifqq,1,0.8467410313719508,0.0,0.8467410313719508
com.dg.puzzlebrothers.mahjong.solitaire.holiday.fun,1,0.0677918181539258,0.0,0.0677918181539258
com.dicedom.mergepuzzle,1,1.455240067919103,0.0,1.455240067919103
com.dieselpuppet.hidden,1,0.005088406102005796,0.0,0.005088406102005796
com.diy.perfect.asmr,1,0.007988284,0.0,0.007988284
com.dna.solitaireapp,1,0.10074720096679687,0.0,0.10074720096679687
com.dp.hidden.objects,2,1.4844437915056465,0.7422218957528233,0.7422218957528233
com.dramawave.app,1,0.06557103817887003,0.0,0.06557103817887003
com.dream.free.games.match3,4,0.5859950651518641,0.16680440530025292,0.14649876628796601
com.dream.home.house.happy.paint.by.number.coloring.game,3,0.23385912616344287,0.10882894442683842,0.07795304205448096
com.duole.klondike.truck,2,0.5155618973777297,0.22078345024282414,0.25778094868886486
com.dv.adm,1,0.25173850386654983,0.0,0.25173850386654983
com.dysugar.jewels.prince,1,0.0,0.0,0.0
com.ea.game.nfs14_row,1,0.09144605586196464,0.0,0.09144605586196464
com.ea.game.pvzfree_row,2,0.5674471590385912,0.2742211088684133,0.2837235795192956
com.easybrain.art.puzzle,6,0.5705358726468748,0.05451073078250405,0.09508931210781246
com.easybrain.backgammon.board.games,3,0.3280003103112271,0.049025898570854785,0.10933343677040903
com.easybrain.block.puzzle.games,2,0.0,0.0,0.0
com.easybrain.crossword.puzzles,8,3.269413421136736,0.5079795865547881,0.408676677642092
com.easybrain.hidden.spots,2,0.40623355799816874,0.12000530096268576,0.20311677899908437
com.easybrain.jigsaw.puzzles,4,0.32767562581903237,0.04124654916325565,0.08191890645475809
com.easybrain.number.puzzle.game,6,0.33760522344707206,0.05876762871443143,0.056267537241178674
com.easybrain.solitaire.klondike.free,1,0.05984456502616135,0.0,0.05984456502616135
com.easybrain.spider.solitaire,3,0.2705350107644819,0.0731371730856226,0.09017833692149396
com.easybrain.sudoku.android,3,0.7638380723779017,0.1974158122832841,0.2546126907926339
com.easybrain.word.puzzle.game,1,0.09858376026045859,0.0,0.09858376026045859
com.easyfun.solitaire,6,0.22057393105357792,0.0782090096890861,0.03676232184226299
com.easygames.race,2,0.4196709902704358,0.14786393480512786,0.2098354951352179
com.easymood.block.puzzle.wood,4,0.009867160818395239,0.0018027252706657028,0.0024667902045988096
com.econogames.bible.wordsearch.gp,4,0.600218799833275,0.2116021927853936,0.15005469995831874
com.eight.ball.strike.challenge,4,0.8293203767194662,0.12078635293168619,0.20733009417986656
com.elemental.gloves,8,0.177803152070591,0.025205142187865303,0.022225394008823875
com.erudite.trivia.brain.quiz.mind.game,21,0.017575013954058437,0.0014116513796579623,0.000836905426383735
com.euchre.solitaire.plus.offline.free.card.games,81,6.27148445349923,0.18291799030201086,0.07742573399381766
com.eureka.android,1,0.4366894092569354,0.0,0.4366894092569354
com.evergreen.games.card.solitaire.free,3,0.09642240039362382,0.03910917527960119,0.03214080013120794
com.evogames.duoshooter,1,0.07112373495238096,0.0,0.07112373495238096
com.evogames.slavsforvk,1,0.0,0.0,0.0
com.falcon.dm.water.cake.sort.puzzle,1,0.0,0.0,0.0
com.fancy.screw.story.makeover.puzzle.jam,1,0.7757799466870707,0.0,0.7757799466870707
com.fantile.sliding.dragon.puzzle,2,0.0,0.0,0.0
com.fc.cl.screw.home.puzzle.pin.jam,1,0.022525939667236327,0.0,0.022525939667236327
com.fc.p.cp.jelly.mukbang.asmr.live.diy,4,0.020772754857142854,0.006678004596711167,0.0051931887142857135
com.fcg.mergeandfight.mergemonster.battlearena,2,0.1272140581462574,0.020015599807323755,0.0636070290731287
com.feelnside.explodeme,5,0.21297585993036167,0.051114593533419676,0.042595171986072336
com.fg.kungfu.kofarena.newtypegames,1,0.0,0.0,0.0
com.fgs.annoying.fool.punch.game,2,0.09729450071325482,0.047994072320228814,0.04864725035662741
com.fgs.carcrashgames.cargames.caraccidentgames,3,0.2844839641495316,0.050766053382682634,0.09482798804984387
com.fidgettrading.game,4,0.004089796118571428,0.0017709336674909255,0.001022449029642857
com.fill.up.the.fridge.fridgeorganizing.simulation.game,1,0.0,0.0,0.0
com.find.hidden.object.out.treasure.hunt.seek.puzzle.games,6,1.6847225844422682,0.3636840857096972,0.2807870974070447
com.forevergreen.solitaire,1,0.920888540204085,0.0,0.920888540204085
com.free.spider.solitaire.card.game,4,0.21645643470838316,0.028570463552048564,0.05411410867709579
com.freemusic.download.ddplmnb,1,0.007740845866666667,0.0,0.007740845866666667
com.freeplay.twerk,2,0.0,0.0,0.0
com.freeplaysultanov.shootit,21,0.5192173415485429,0.042941544404373234,0.02472463531183538
com.freeplaysultanov.skaterace,1,0.02521821885519573,0.0,0.02521821885519573
com.freeup.space.polot,1,0.0,0.0,0.0
com.frph.stonegrass,1,0.0,0.0,0.0
com.fugo.wow,6,0.13278361961029342,0.046096220583997455,0.022130603268382235
com.fugo.wowzen,3,0.3133909131485837,0.14264916333885366,0.10446363771619456
com.funcraft.acw,1,0.02589051911538516,0.0,0.02589051911538516
com.funcraft.diceyatzy,1,0.18079238180528448,0.0,0.18079238180528448
com.funcraft.farkle,6,0.8931605330415263,0.15978709585263556,0.1488600888402544
com.funcraft.whamzee,4,1.5289002662503395,0.6316529963198771,0.38222506656258487
com.funcraft.yatzypoker,1,0.46691944996176377,0.0,0.46691944996176377
com.funfinity.knitzy.thread,1,0.004290458571428572,0.0,0.004290458571428572
com.fuzzymobilegames.spades,3,0.5478964418097484,0.13123726923029713,0.18263214726991614
com.game.colorroll3d,1,1.0343747682421838,0.0,1.0343747682421838
com.game.fruitmerge,2,0.03829117975542858,0.017000308693714293,0.01914558987771429
com.game.gs3d_android,1,0.11411046850672918,0.0,0.11411046850672918
com.game.solitaireclassics,1,0.002232596380952381,0.0,0.002232596380952381
com.game.space.shooter2,11,2.639978673616497,0.2793962192849417,0.23999806123786335
com.game.thatsmyseat,1,0.07758056538047467,0.0,0.07758056538047467
com.gamebrain.hexasort,2,1.4488864678002895,0.11354538670707645,0.7244432339001448
com.gamee.brainly.homepin3.pullpin.puzzle,1,0.8790651957663391,0.0,0.8790651957663391
com.gamee.dragon.kingdom.castle.match.story.puzzle,37,3.1422732625338927,0.0977115335921844,0.0849263043928079
com.gamee.home.story.pullthepin.puzzle,5,0.2498721693132224,0.03844387473117166,0.04997443386264448
com.gamee.homepin2.manor.homescape,4,0.0008540205,0.00036980172417634406,0.000213505125
com.gamehouse.d10gp,1,0.0,0.0,0.0
com.gamepie.airpolice,2,0.987690954105342,0.056074157981459,0.493845477052671
com.gamincat.jigsolitaire,2,0.4857995235366559,0.24289976176832795,0.24289976176832795
com.gamovation.chessclubpilot,9,2.579041269009464,0.25761974725106973,0.2865601410010516
com.gamovation.mahjongclub,5,0.18085334734887842,0.045208235323306444,0.036170669469775686
com.gamovation.quickcheckers,5,0.8730706212308664,0.19457843613514444,0.17461412424617329
com.gamovation.sudoku,2,0.21405383539804212,0.09825385069902107,0.10702691769902106
com.gamovation.tileclub,4,0.6276564724642446,0.12095947394523597,0.15691411811606115
com.gamovation.triplemahjong,3,0.27375828638407057,0.1196782929400918,0.09125276212802352
com.gazeus.euchre,1,0.00396205,0.0,0.00396205
com.gbd.amy.secret.game,1,0.3186921362012942,0.0,0.3186921362012942
com.gdrhrhw.utxdm,1,0.0,0.0,0.0
com.geishatokyo.snowballio,5,0.004642605,0.001857042,0.0009285210000000001
com.geode.dazzly,1,0.050361965850946856,0.0,0.050361965850946856
com.gergedan.idleballs,4,0.008386205928,0.0017175048573107293,0.002096551482
com.gf.changer.shape.shift.race.shape.shifting.transform.race.shapeshifting.shapechanger,1,0.06818559561586014,0.0,0.06818559561586014
com.gf.numbersmaster.run3d.number.challenge,17,0.9287372000285314,0.048692906843767876,0.05463160000167832
com.gimica.ballbounce,3,0.17187112042666314,0.040333710156672316,0.05729037347555438
com.gimica.blockbuster,7,1.5987715384171635,0.229191947765333,0.22839593405959477
com.gimica.blockholeclash,2,0.061234746758955794,0.017901258491681907,0.030617373379477897
com.gimica.bubblepop,1,0.2259208554546131,0.0,0.2259208554546131
com.gimica.helixdash,1,0.0035983276666666664,0.0,0.0035983276666666664
com.gimica.hexmatch,2,0.3745999223033661,0.13117662862943436,0.18729996115168304
com.gimica.mergeblast,2,0.2891169712248411,0.0965904236423099,0.14455848561242055
com.gimica.puzzlepopblaster,2,0.35682476170147726,0.07591722343917678,0.17841238085073863
com.gimica.solitaireverse,37,7.256429219801246,0.3943595122826575,0.19611970864327694
com.gimica.spidersolitaire,1,0.15958624816512623,0.0,0.15958624816512623
com.gimica.sugarmatch,1,0.0017847061466058187,0.0,0.0017847061466058187
com.gimica.tangram,2,0.22511106005644976,0.04331348604854374,0.11255553002822488
com.gimica.tilematchpro,5,1.4259046439178822,0.2189495353624693,0.2851809287835764
com.gimica.treasuremaster,1,0.0,0.0,0.0
com.gimica.watersorter,2,0.022457005560306796,0.00889533019667829,0.011228502780153398
com.gimica.wordkitchen,2,0.5033823224247933,0.25169116121239665,0.25169116121239665
com.gimica.wordseeker,1,0.2717297739999999,0.0,0.2717297739999999
com.givvyvideos,1,0.0,0.0,0.0
com.globalplay.birdsort2.color.puzzle,2,0.0720946659062567,0.034301009953128354,0.03604733295312835
com.glu.zbs,1,0.0,0.0,0.0
com.gma.water.sort.puzzle,5,0.345233167076754,0.08306985725522514,0.0690466334153508
com.gnarlygamestudio.agenthunt,8,0.6242592786844898,0.05649542217016613,0.07803240983556123
com.goods.free.puzzle.match3d.sort,10,0.7516336237502715,0.1451867854080568,0.07516336237502716
com.goods.master3d.triple.puzzle,4,0.41453103897540294,0.09893382164888005,0.10363275974385074
com.gps.draw.flag.coloring.games,54,0.3093409080427722,0.018088344742311233,0.005728535334125411
com.gps.housemakeover.satisfying.clean,1,0.008215099018791637,0.0,0.008215099018791637
com.grandcashslots.free.gp,2,0.1264887048860573,0.05382340006207627,0.06324435244302865
com.greyfun.card.solitaire.classic,1,0.0013603645235884918,0.0,0.0013603645235884918
com.gsn.android.tripeaks,1,0.0,0.0,0.0
com.gym.racegame,3,1.496292155594216,0.5077394805416171,0.49876405186473866
com.habit.record.reward.tracker,4,1.8788687998239788,0.35390687191306985,0.4697171999559947
com.happenlabs.videopoker,2,0.3426126533350304,0.1267703508868395,0.1713063266675152
com.happybat.ballmatch,3,0.0,0.0,0.0
com.hasbro.riskbigscreen,1,0.39324848078159275,0.0,0.39324848078159275
com.heatherglade.idleguy,1,0.26225492867349826,0.0,0.26225492867349826
com.hexa.master.puzzle.match3d,146,4.614300507864671,0.22415110442040434,0.03160479799907309
com.hexa.sort.puzzle.stack.color.game,1,0.05686426164938837,0.0,0.05686426164938837
com.hg.cannonwar.android,4,0.22296184902373267,0.04684994998245367,0.05574046225593317
com.hg.idleweaponshoptycoon.android,18,0.082526647108081,0.010525501074458097,0.004584813728226722
com.hidden.difference.puzzle.happy.crazy.art.game,2,0.2884345142221382,0.13837025159775962,0.1442172571110691
com.hidden.object.find.beauty.search.games.free,1,0.0,0.0,0.0
com.hide.ball,1,0.9722494072642539,0.0,0.9722494072642539
com.hideseek.dotconnectking,1,0.1291783240153103,0.0,0.1291783240153103
com.hideseek.solacesolitaire,5,0.02306949158571611,0.008693264251252674,0.004613898317143221
com.hideseek.yummytiles2,2,1.2689894643211193,0.574571716667517,0.6344947321605596
com.higgs.cubemaster3d,48,0.47091374021012106,0.022504860938025423,0.009810702921044188
com.higgs.slotsmash,1,0.16755350069775532,0.0,0.16755350069775532
com.higgs.tilemaster3d,3,0.05537696914888378,0.01286396101057194,0.01845898971629459
com.hit.master,1,0.24506223800609642,0.0,0.24506223800609642
com.hitappsgames.connectwords,5,0.03595260586727265,0.012576635012187653,0.0071905211734545295
com.hitrolab.audioeditor,1,0.528655413912089,0.0,0.528655413912089
com.homedesign.restore.asmr.games,2,0.7835068456690983,0.014249098534699647,0.39175342283454917
com.horus.beach.head,2,0.0019295238095238091,0.0009647619047619046,0.0009647619047619046
com.horus.warzone,1,0.7014174989583142,0.0,0.7014174989583142
com.hyperdotstudios.swampattack2,1,0.753453224421952,0.0,0.753453224421952
com.hyperkani.trialbike,1,0.001388981,0.0,0.001388981
com.ice.ball.snow.race,2,0.2901252866396834,0.031939124401077455,0.1450626433198417
com.idle.startup.richman.rich.business.tycoon,1,0.0,0.0,0.0
com.ig.screw.puzzle.nuts.botls,3,0.050987010048566546,0.01660815495254307,0.01699567001618885
com.ig.screwdom,2,0.05397991225269852,0.02698995612634926,0.02698995612634926
com.ig.spider.fighting,4,0.16022017453970155,0.028751998847809795,0.04005504363492539
com.ihappydate,1,0.39709786809358977,0.0,0.39709786809358977
com.ikeyboard.theme.pinkcutehippo,12,0.27011176613110593,0.06970801844066747,0.02250931384425883
com.indiez.hole.io,1,0.960609529980489,0.0,0.960609529980489
com.infiniplay.merge.fashion.romance.story,1,0.3390793018839462,0.0,0.3390793018839462
com.inforcegames.blackdeck,2,3.1605459737337758,1.4888233305275607,1.5802729868668879
com.innplaylabs.animalkingdomraid,1,0.09051608899954051,0.0,0.09051608899954051
com.inspiredsquare.jupiter,2,1.1530824503127648,0.23993566612772196,0.5765412251563824
com.instabridge.android,3,0.8627330131866624,0.2970406962736982,0.2875776710622208
com.intensedev.biblesolitaire.gp,1,0.16000663740133703,0.0,0.16000663740133703
com.intensedev.classicsolitaire.gp,6,1.8505502808419716,0.6244757001844515,0.3084250468069953
com.itsgames.goldenteegolf,1,0.06810198626254191,0.0,0.06810198626254191
com.iwi.toolevolution,7,0.5434413595563312,0.06838291676522655,0.07763447993661875
com.jlyt.SurvivorIsland,1,0.0,0.0,0.0
com.jmsgame.jackpotmastercasino,1,0.00513943175456053,0.0,0.00513943175456053
com.jogatina.buraco,1,0.004106031752380952,0.0,0.004106031752380952
com.joyboy.cookzy,1,0.25850639027664446,0.0,0.25850639027664446
com.joyvendor.wordhike.android.en,1,0.0024513910000000002,0.0,0.0024513910000000002
com.justplay.app,1,0.24591492969115789,0.0,0.24591492969115789
com.kamagames.blackjack,3,0.9457604639214708,0.394687873653306,0.31525348797382363
com.kamagames.spades,1,0.00048095238095238095,0.0,0.00048095238095238095
com.karmangames.spades,14,0.9995759490505336,0.08242656907561136,0.07139828207503811
com.kayac.balloon_crusher,35,0.1485080726570823,0.010273088808938161,0.004243087790202351
com.kayac.breakragdoll,1,0.043985882565566986,0.0,0.043985882565566986
com.kayac.level_up_number,4,0.018939829197214285,0.003250264811931983,0.004734957299303571
com.kayac.park_master,2,0.019549636369605074,0.0021250888369019868,0.009774818184802537
com.kidultlovin.royalsolitaire,11,0.2146621929248494,0.039467962736764464,0.019514744811349946
com.king.candycrushsodasaga,11,1.1007648753420072,0.07757472630122082,0.10006953412200065
com.kingkodestudio.classicracing,2,0.7732918595284861,0.043028140054357886,0.38664592976424306
com.kingsofgames.chessuniverse,2,0.19585108410492985,0.06431559308817922,0.09792554205246493
com.kiragan.blastjam,1,0.055816615329843104,0.0,0.055816615329843104
com.kiwifun.game.android.ball.sort,2,0.05422580727304763,0.026214178636523814,0.027112903636523814
com.kiwifun.game.android.hexacrush.puzzles,2,1.5206570591884172,0.1968427482961472,0.7603285295942086
com.kiwifun.game.android.mahjong,1,0.31283283287267455,0.0,0.31283283287267455
com.kiwifun.game.android.numbermaster.puzzles,4,1.0125672303779074,0.33066144680400145,0.25314180759447685
com.kiwifun.game.android.nutsort.puzzles,1,0.0,0.0,0.0
com.kjvbible.dailyverse.alarm,9,2.518061607715648,0.31230559217251974,0.27978462307951646
com.knit.master3d.wool.sort.match.screw.coloring.puzzle,105,1.8899942684428805,0.0710390995442259,0.017999945413741718
com.koofei.matchmansion,1,0.001185133,0.0,0.001185133
com.laser.bounce.puzzle,3,0.03489760214544762,0.009585881545478252,0.011632534048482539
com.leap.hiddentales,2,1.515069167702449,0.648299779775034,0.7575345838512245
com.lemel.hiddengame,1,0.13013608503310534,0.0,0.13013608503310534
com.lemongame.freecell.solitaire,3,0.014152127380510318,0.0034215054245699773,0.004717375793503439
com.liotek.lannbible,2,0.05573854464783614,0.02786927232391807,0.02786927232391807
com.littleengine.wordpal,2,1.037182359007047,0.26267685036108335,0.5185911795035235
com.loop.block.mania.pethereum,2,0.0033302845657142855,0.0002722472828571428,0.0016651422828571428
com.loop.color.blast,1,0.793065600891023,0.0,0.793065600891023
com.ls.cake.cakemaker.diy.baking.girls.cooking.birthdaycake,8,0.28328967774146746,0.023122213968528777,0.03541120971768343
com.lszenlamzr.parkingjam,6,0.3087210908717617,0.07046097433364908,0.051453515145293616
com.luckyskeletonstudios.idlebanktycoon,1,0.009744215026788815,0.0,0.009744215026788815
com.lulo.scrabble.classicwords,1,0.00606089,0.0,0.00606089
com.lyoomatch.solitaire.klondike,13,1.1309118787892167,0.15354940256504787,0.08699322144532437
com.magicgs.seatjam,1,0.17838559019162012,0.0,0.17838559019162012
com.mahjong.op.gp,4,1.347452009881473,0.3925524855564573,0.33686300247036827
com.mahjong.pyramid.catnap.gp,2,0.597087279982359,0.2904357599911795,0.2985436399911795
com.mahjong.solitaire.tile.pair.match,267,2.67269161630071,0.03786553790235521,0.010010080959927753
com.mandala.pattern.happy.paint.by.number.coloring.game,2,0.08088203784935664,0.012978082296740044,0.04044101892467832
com.manik.words,1,0.0,0.0,0.0
com.maroieqrwlk.unpin,4,0.16871397168125232,0.04321480588880977,0.04217849292031308
com.master.triple3d.find,1,2.915354511172359,0.0,2.915354511172359
com.match.puppy.android,5,0.0036000000000000003,0.00144,0.00072
com.match.triple.games.sort3d.puzzle,1,0.0,0.0,0.0
com.match3.mothermatch,2,0.12241508880293506,0.06120754440146753,0.06120754440146753
com.mathbrain.sudoku,3,0.5726573472918598,0.2699532623775826,0.19088578243061993
com.matryoshka.royal.cooking.kitchen.madness,2,1.2291373500473661,0.2435466473801262,0.6145686750236831
com.mattel163.phase10,9,1.3271743485387988,0.18590574715299796,0.14746381650431098
com.mattel163.skipbo,3,0.35986686319227357,0.0841949443179423,0.11995562106409119
com.mattel163.uno2,5,2.410240993609459,0.7383465392394282,0.4820481987218918
com.matteljv.uno,4,0.3130071345761429,0.0553015842457804,0.07825178364403572
com.maxdevlab.cleaner.security,1,0.010789142473529705,0.0,0.010789142473529705
com.melon.drop.fruit.merge.master,3,0.14321253024993075,0.033916635695246736,0.04773751008331025
com.mergedomhomedesign.game,1,0.19798462623308666,0.0,0.19798462623308666
com.metajoy.offlinedominoes,5,1.393235955673869,0.25717612995716654,0.27864719113477376
com.metropcs.metrozone,35,5.791349410944095,0.1730163860132789,0.16546712602697414
com.miniclip.carrom,2,0.00769737318,0.00384868659,0.00384868659
com.miniclip.chess,2,0.7556671271927593,0.25645827948738803,0.37783356359637965
com.miniclip.drone1,2,0.043902920850643,0.016541152174678497,0.0219514604253215
com.miniclip.eightballpool,20,3.263278754208974,0.19722174553154764,0.1631639377104487
com.miniclip.realsniper,1,0.20097370844108114,0.0,0.20097370844108114
com.miniit.bingo,2,0.3205960053557849,0.08438315462525797,0.16029800267789246
com.mintgames.calmcolor,3,0.782540455855459,0.08226548523158068,0.2608468186184863
com.mintgames.fancycolorpro,1,0.0716449,0.0,0.0716449
com.mintgames.findout,1,0.0,0.0,0.0
com.mintgames.freecell.solitaire,1,0.011386184721515296,0.0,0.011386184721515296
com.mintgames.jigsawmaster,2,0.05969956431748366,0.0247061080770214,0.02984978215874183
com.mmc.flychallenge,13,0.0151040444462682,0.002067325648578094,0.0011618495727898615
com.mnogogames.triviascapes,44,1.1081661965973915,0.06409523814303361,0.025185595377213443
com.mobilityware.AddictionSolitaire,7,1.258978492251388,0.1971550656563583,0.17985407032162687
com.mobilityware.BubbleShooter,3,0.1293535216628189,0.05880136191316812,0.04311784055427297
com.mobilityware.CrazyEights,80,14.299966456085683,0.32609092402464845,0.17874958070107103
com.mobilityware.CrownSolitaire,6,0.6770752254382741,0.16988772072469993,0.11284587090637903
com.mobilityware.Dominoes,8,0.3475269632074208,0.04100712986916784,0.0434408704009276
com.mobilityware.GinRummySolitaire,228,44.266037780667624,0.3226955916891388,0.1941492885117001
com.mobilityware.MahjongSolitaire,2,0.19165369085714284,0.09201662842857142,0.09582684542857142
com.mobilityware.MonopolySolitaire,9,3.0692859656536124,0.3162860000915823,0.3410317739615125
com.mobilityware.Rummy,86,11.819942479870567,0.22416286095691637,0.13744119162640195
com.mobilityware.freecell,40,4.4270422320808756,0.1905837195106635,0.11067605580202189
com.mobilityware.solitaire,50,5.458735738085173,0.21606173504635964,0.10917471476170347
com.mobilityware.spider,46,7.536161689638935,0.33844592322508626,0.1638296019486725
com.mobirix.swipebrick2,1,0.09415638473682394,0.0,0.09415638473682394
com.moonfrog.ludo.club,4,0.23764533331995263,0.06545724622587001,0.05941133332998816
com.morionstudio.hiddenobject,1,0.052518153794839616,0.0,0.052518153794839616
com.mp.satisfying.carwash.asmr.repair,4,0.15229803725759447,0.032923043956837615,0.03807450931439862
com.murka.slotsera,1,0.284407684039329,0.0,0.284407684039329
com.music.youngradiopro,1,0.8542035759052561,0.0,0.8542035759052561
com.mwm.sampler,1,0.00818797619047619,0.0,0.00818797619047619
com.mystery.hidden.objects.find.clue.puzzle.games.free,3,0.8288455789948053,0.2765761052210751,0.27628185966493507
com.mysterytag.cryptominer,212,1.5712570064586702,0.03444635385976271,0.0074115896531069345
com.mysterytag.donaldsempire,11,0.05415816929564657,0.010301849125054371,0.00492346993596787
com.naturalmotion.customstreetracer2,3,0.7793529800107368,0.1913369108517867,0.2597843266702456
com.nature.happy.art.jigsaw.puzzle.free.game,1,0.008006767223079563,0.0,0.008006767223079563
com.nautilus.realcricket,2,0.19857984537775433,0.09928992268887717,0.09928992268887717
com.neapxnlhwk.woodnuts,2,0.37877228710650984,0.023341118838608094,0.18938614355325492
com.nebula.mahjongtile,9,0.2680771592887494,0.03246133683944288,0.02978635103208327
com.neonplay.casualsoccerkickandroid,1,0.04831589932964197,0.0,0.04831589932964197
com.newleaf.app.android.victor,2,0.3422310969881296,0.16074562868699813,0.1711155484940648
com.newpubco.hearts,3,0.9545286138937585,0.40315684642341754,0.31817620463125285
com.niceteen.games.dtbam,3,0.313922495768994,0.04523221932588147,0.104640831922998
com.niceteen.games.milliondeal,1,0.10838912175744,0.0,0.10838912175744
com.niuaigo.solitaire.klondike,1,0.03699510448413905,0.0,0.03699510448413905
com.nomonkeys.ballblast,2,0.021480058670043947,0.010740029335021974,0.010740029335021974
com.nordcurrent.canteenhd,1,0.07217105649594069,0.0,0.07217105649594069
com.nordcurrent.fashion,1,0.2893090063365538,0.0,0.2893090063365538
com.number.crush.fishdom.match.ten.fish.ocean.aquarium.puzzle,1,0.06670502422784097,0.0,0.06670502422784097
com.numbergames.linked2248.tile.numberpuzzle2048,1,0.1460864913307684,0.0,0.1460864913307684
com.ohzegame.homepullpin,2,0.4132045925111312,0.19376463576447542,0.2066022962555656
com.onecwireless.spades.free,1,0.011454435,0.0,0.011454435
com.online.huntingsniper,6,3.3432405841291213,0.5627395828530118,0.5572067640215203
com.ontop.block.woodenn.puzzle,1,0.04697018759000001,0.0,0.04697018759000001
com.onunhen.bible,1,0.436024682354905,0.0,0.436024682354905
com.openmygame.android.sky.words,2,0.0048858475235884925,0.0004739602382057541,0.0024429237617942462
com.openmygame.games.android.fillwordsoffline,3,0.20122380272659526,0.05307305158008527,0.06707460090886509
com.openmygame.games.android.sudokumaster,184,3.013243673707827,0.046086155237709835,0.016376324313629495
com.openmygame.games.android.wordpizza,2,0.480679209821377,0.2403396049106885,0.2403396049106885
com.openmygame.games.android.wordsearchsea,18,0.056830844715141375,0.010238905189262364,0.0031572691508411875
com.openmygame.magicwordsearch,7,0.005781660523588493,0.0014229792670903693,0.0008259515033697847
com.os.space.force.galaxy.alien,4,0.13516252682150776,0.015176162888827498,0.03379063170537694
com.otium.solitaire.classic.card.game,3,0.07743824661471753,0.017544070539907683,0.02581274887157251
com.outfit7.mytalkingtom2,2,0.2198475374499628,0.1099237687249814,0.1099237687249814
com.painting.book.color.by.numbers.painting.us,1,0.25411059445800505,0.0,0.25411059445800505
com.parking.jam.car.game.bus.trafficcarescape.matching,2,0.004328941156408531,0.0012231848639185513,0.0021644705782042657
com.parkourrace.game,1,0.33493622258216116,0.0,0.33493622258216116
com.pch.pchworld,1,0.16412017609307944,0.0,0.16412017609307944
com.pd.vehiclemasters,1,0.11331441600011515,0.0,0.11331441600011515
com.pdfviewer.forandroid,40,3.97567089547175,0.19603212197080797,0.09939177238679375
com.peoplefun.bricksnballs,1,0.009061857711367723,0.0,0.009061857711367723
com.peoplefun.wordcross,7,0.3357703718144598,0.0424567466687402,0.047967195973494255
com.peoplefun.wordflowers,1,0.14940220749623678,0.0,0.14940220749623678
com.peoplefun.wordsearch,2,0.5630843352972765,0.27882115205540403,0.28154216764863826
com.peoplefun.wordsolitaire,2,0.04596176526995199,0.018139254634975996,0.022980882634975996
com.photoeditor.menhair.manstyle.piclab,13,0.19452961589217188,0.03307529727691811,0.014963816607090145
com.phototattoo.studio.tattoodesign,15,0.4200405369846348,0.03352340218531435,0.028002702465642317
com.pieyel.scrabble,9,4.327736847549,0.38112715364307925,0.48085964972766665
com.pin.screw.color.nuts.bolts.spin.free.game,1,0.12389994353225597,0.0,0.12389994353225597
com.pinger.textfree,1,0.098716929,0.0,0.098716929
com.pixel.art.coloring.color.number,14,1.857226337890749,0.14315582880771116,0.1326590241350535
com.pixel.art.coloring.color.number.paint.skull,1,0.19988538552380952,0.0,0.19988538552380952
com.pl.merge.kog.gozilla.dinosaur,18,1.0873734001342465,0.05309976239847033,0.060409633340791476
com.platinumplayer.word.addict,4,2.925699894347504,1.1830253306292153,0.731424973586876
com.playakor.clashofcolor,1,0.05082692492197731,0.0,0.05082692492197731
com.playbliss.traffic.jam.car.escape.out,1,0.0971130911691376,0.0,0.0971130911691376
com.playcus.crossstitchcoloringbook,1,0.025587792176785158,0.0,0.025587792176785158
com.playday.bitcoinsudoku,1,0.24321689399288182,0.0,0.24321689399288182
com.playspare.supermarket.store.simulator,1,0.09461893540635866,0.0,0.09461893540635866
com.playspare.watersort3d,1,0.7525926921387563,0.0,0.7525926921387563
com.playvalve.ballsort,2,0.19876271707683035,0.09584229464127232,0.09938135853841518
com.playvalve.connect.dots,5,0.09218703534583102,0.025433007875572924,0.018437407069166203
com.playvalve.dominoes,28,7.334327694197681,0.4620554777483593,0.2619402747927743
com.playvalve.mahjong,4,0.8231860554901828,0.21790083548465267,0.2057965138725457
com.playvalve.mahjong.triple,2,0.03077982378076172,0.01171431289038086,0.01538991189038086
com.playvalve.solitaire,246,13.619677524747818,0.13613267232219858,0.05536454278352772
com.playvalve.solitaire.spider,41,8.755657640958363,0.5933257754695982,0.21355262538922837
com.playvalve.spades,111,19.6086738230174,0.2402777647611301,0.1766547191262829
com.playvalve.watersort,2,0.008986052000000001,0.0034930259999999998,0.004493026000000001
com.playvalve.wsjourney,1,0.06769529443676758,0.0,0.06769529443676758
com.playvalve.yatzy,2,3.82130792333556,1.6138025120833306,1.91065396166778
com.pocketchamps.game,1,0.19144270852783457,0.0,0.19144270852783457
com.pop.happy.art.paint.by.number.coloring.game,1,0.08868811999667618,0.0,0.08868811999667618
com.popve.dicevmonster,5,0.3633032976453736,0.08350937429150361,0.07266065952907472
com.potatoplay.mergerestaurant,5,0.008248947962933718,0.0030109818236411794,0.0016497895925867436
com.pro.solitaire.games.free.classic.card,1,0.0006749511900591803,0.0,0.0006749511900591803
com.productmadness.cashmancasino,2,0.08877136925596067,0.044385684627980336,0.044385684627980336
com.productmadness.hovmobile,2,0.08039755010407787,0.023742762783677665,0.040198775052038935
com.productmadness.lightninglink,3,0.23087010583997858,0.08447683700522779,0.07695670194665953
com.ps.build.a.dream.queen.race.game,1,0.0006057142857142857,0.0,0.0006057142857142857
com.purplekiwii.vegaslive,1,0.004796336054205553,0.0,0.004796336054205553
com.puzz.by.number.jt,1,0.0,0.0,0.0
com.puzzle.find.differences,1,0.08936529568125093,0.0,0.08936529568125093
com.puzzle.traffic.escape.car,1,0.41610315834283423,0.0,0.41610315834283423
com.puzzlegames.carescape3d.gp,3,1.156859712777673,0.17239499788617782,0.3856199042592243
com.qoni.guesstheiranswer,3,0.2536193103079826,0.1195572894390865,0.08453977010266088
com.qublix.solitairetalestwo,1,0.19702452164312037,0.0,0.19702452164312037
com.quriousbit.screwpop,1,0.023613416380952375,0.0,0.023613416380952375
com.radio.pocketfm,1,0.04069592419564915,0.0,0.04069592419564915
com.ragdoll.city.playground,4,0.3523215125670613,0.08293402251761915,0.08808037814176532
com.rapid.short.tv,1,0.0549026323383619,0.0,0.0549026323383619
com.reachjunction.card.game.solitaire,8,0.08789524367879942,0.02682296187484442,0.010986905459849927
com.redlinegames.attackhole,2,0.08086881729124054,0.017828676437651153,0.04043440864562027
com.reefgames.fabletown,1,0.6663517936735355,0.0,0.6663517936735355
com.remivision.HexaDiamonds,1,0.40676702208697835,0.0,0.40676702208697835
com.rescue.agent,1,0.025832051005432437,0.0,0.025832051005432437
com.rhythmdance.taptile.dancingcats,3,0.13000840667527155,0.020722798244965007,0.043336135558423854
com.ridgge.conquercountries,3,0.24108413909971935,0.09192814864479425,0.08036137969990645
com.riseup.game,1,0.03727556628346855,0.0,0.03727556628346855
com.rjp.diarypro,2,0.0023306310135513884,0.00046623149322430586,0.0011653155067756942
com.rovio.baba,1,0.624667422109952,0.0,0.624667422109952
com.rsg.air.attack.shooting.airplane.games,1,0.10628056687376279,0.0,0.10628056687376279
com.rsg.fps.horizon,1,0.05317223678934455,0.0,0.05317223678934455
com.rsg.rolling.balls.jump.racing.ball.game,4,0.15582097308956244,0.043029182026233966,0.03895524327239061
com.sadpuppy.lemmings,1,0.15039242379451487,0.0,0.15039242379451487
com.sandstormi.bloodhonor,1,0.40611520846155347,0.0,0.40611520846155347
com.sauceapp.solitaire.lite.klondike,1,0.1497576445894705,0.0,0.1497576445894705
com.save.princess.girl.dragon.out.and,3,0.5268808332710581,0.17900595093041285,0.175626944423686
com.scavenger.hunt.find.my.cat.hidden.object.free.brainly.game,2,0.48068835175854824,0.24034417587927412,0.24034417587927412
com.sciplay.blocks,1,0.12343579753704531,0.0,0.12343579753704531
com.scopely.wheeloffortune,2,0.11091090121253853,0.0014148120603973899,0.05545545060626927
com.scopely.yux,7,0.40301909535634156,0.042862072915288596,0.05757415647947737
com.screw3d.match.nuts.bolts.pin.jam.away.puzzle,3,0.8942348313616566,0.21115254080885354,0.2980782771205522
com.sega.sprint,1,0.04018541111716656,0.0,0.04018541111716656
com.sensustech.tclremote,1,0.20938715595048302,0.0,0.20938715595048302
com.sg.sorttheball,1,0.044846547123171654,0.0,0.044846547123171654
com.sgn.geniesandgems.gp,2,0.1010419944086748,0.0505209972043374,0.0505209972043374
com.sgs.sniper.agent.agenthunt.shootergame.snipergame.gun.game,1,0.36597214722919524,0.0,0.36597214722919524
com.sh.fidget.toys.mini.relaxing.antistress.games,1,0.0,0.0,0.0
com.shooter.sandbox.mods.multi,6,0.18996346631445404,0.0574376514244172,0.031660577719075676
com.shoreline.game.spider.solitaire,2,0.022784711138952835,0.009513421430523583,0.011392355569476417
com.slide.place.link,1,0.0,0.0,0.0
com.smallgiantgames.empires,1,3.6785557006121476,0.0,3.6785557006121476
com.smashing.draw2,1,0.0071786210000000005,0.0,0.0071786210000000005
com.snakeattack.game,2,0.0020662500000000004,0.0010331250000000002,0.0010331250000000002
com.sng.yatzy,1,0.04171317612021559,0.0,0.04171317612021559
com.sngict.backgammon,1,0.40889061686984524,0.0,0.40889061686984524
com.sngict.spades,35,18.537644597883105,1.6884140063634623,0.5296469885109458
com.sniper.shooter.wild.ssw,2,0.2150630674313375,0.046934191427188424,0.10753153371566875
com.solitaire.angel.card.puzzle.klondike,1,0.18116456646033258,0.0,0.18116456646033258
com.solitaire.card,8,0.49981802407695397,0.12397958205155857,0.062477253009619246
com.solitaire.cards.deluxe,181,1.1190171538013316,0.0175143792561176,0.006182415214371998
com.solitaire.daily.challenge.card.game,1,0.02716420712792969,0.0,0.02716420712792969
com.solitaire.fish.klondike.card.aquarium,9,1.583375588674551,0.3652491420206685,0.17593062096383902
com.solitaire.klondike.my.magic.dragon.friends.cardgames,1,0.001764587,0.0,0.001764587
com.solitaire.klondike.patience.ocean.aquarium,2,0.0017473340000000001,0.0008736670000000001,0.0008736670000000001
com.solitaire.patience.klondike.classic.card.games,1,0.16283040154375295,0.0,0.16283040154375295
com.solitarie.card.regal.game,12,2.1652309532430447,0.44892493830957453,0.18043591277025373
com.sonypicturestelevision.millionaire,1,0.38898306575132946,0.0,0.38898306575132946
com.sophungamesltd.holytiles,1,0.05058707140186855,0.0,0.05058707140186855
com.soulcompany.bubbleshooter.relaxing,3,2.7352054959910443,0.9464276046835961,0.9117351653303482
com.spacegame.solitaire.basic,1,0.710382962921771,0.0,0.710382962921771
com.spellbindgames.coastguardops,1,0.2038902206422906,0.0,0.2038902206422906
com.sport.cornhole,2,1.0890962464564076,0.2796042411000887,0.5445481232282038
com.sports.eightball.pool.rival,3,0.44557774143666096,0.13409837706133798,0.14852591381222033
com.square_enix.pool,1,0.02147995151491548,0.0,0.02147995151491548
com.steadystate.TwinTennis,1,0.3411678365788733,0.0,0.3411678365788733
com.storymatrix.drama,2,0.06664061122483761,0.033320305612418805,0.033320305612418805
com.strike.stealth.shot,1,0.0028939988091067994,0.0,0.0028939988091067994
com.submarine.simulator,1,0.008694734423763992,0.0,0.008694734423763992
com.sudoku.number.puzzle.board.game.brain.android.slover.free.master,1,0.0058055904524000005,0.0,0.0058055904524000005
com.sunsetgames.bordersecurity,1,0.0,0.0,0.0
com.superaid.bricksbreakerballs,1,0.002309671,0.0,0.002309671
com.superbox.aos.fire2048,15,0.05241793227072716,0.005534185065884323,0.0034945288180484777
com.superbox.aos.jewelsjungle,1,0.18909463408339525,0.0,0.18909463408339525
com.supercosi.cosiyatzy,4,1.1344450883673194,0.26507955856610954,0.28361127209182985
com.superplaystudios.dicedreams,1,1.5201288117452836,0.0,1.5201288117452836
com.sweetcandy.puzzle.blast.crush.free,2,0.004398483,0.0021992415,0.0021992415
com.syubestgames.teachersimulator,1,0.44669568734410847,0.0,0.44669568734410847
com.tap.gallery,2,0.39942316135158046,0.19971158067579023,0.19971158067579023
com.tapcolor.color.coloring.number.paint.free,3,1.8930132258511958,0.7887606015752597,0.6310044086170653
com.tapcolor.puzzle.sort.goods.match.triple,1,0.0,0.0,0.0
com.tapempire.dolldance,1,0.062401353425959524,0.0,0.062401353425959524
com.tapped.snipersiege,3,0.4713874667028802,0.13622622242863588,0.15712915556762672
com.tas.agenthunt.shooterwar,5,1.2429145083484117,0.25642868183178574,0.24858290166968233
com.tas.bowman.game3d.archer,4,0.186694764378464,0.06238006713289678,0.046673691094616
com.tas.westernsurvival.shooterwar,5,0.5800278963700018,0.09233069926940694,0.11600557927400038
com.tcg.fpsdungeonminer,1,0.11965476281249225,0.0,0.11965476281249225
com.tenic.tenic,1,0.1107893035927145,0.0,0.1107893035927145
com.tetrox.bowl,2,0.4428202424116776,0.2214101212058388,0.2214101212058388
com.textmeinc.textme,2,0.3760466563197747,0.08370652135101872,0.18802332815988734
com.tfv.block.line.fill.puzzle,1,0.02517485458658084,0.0,0.02517485458658084
com.thagiwara.aircraftmaster,1,0.05775933110674014,0.0,0.05775933110674014
com.thehot.hulopro,1,0.0,0.0,0.0
com.tile.town.puzzle.master.match,100,1.5324178042531436,0.10579806716517429,0.015324178042531436
com.tilemaster.puzzle.block.match,13,0.15295722655123045,0.013257349475397346,0.011765940503940805
com.time.trigger,2,0.0,0.0,0.0
com.timetomove.catchinggiants,1,0.06474194115640852,0.0,0.06474194115640852
com.timetomove.datepuzzle,1,0.4136357386486748,0.0,0.4136357386486748
com.timetomove.skysniper,1,0.2191711682952381,0.0,0.2191711682952381
com.tinybytes.massivewarfare2,1,0.05052942955016229,0.0,0.05052942955016229
com.titan.ball.sort.woody.puzzle,1,0.0350891324732,0.0,0.0350891324732
com.topchopgames.skyroller,1,0.009149389775747594,0.0,0.009149389775747594
com.topping.status_saver_video_saver,1,0.0,0.0,0.0
com.train.delivery.simulator,1,0.0,0.0,0.0
com.tree.idle.catsnackbar,1,0.0,0.0,0.0
com.triangular.flashfists,1,0.12242647300000001,0.0,0.12242647300000001
com.triple.match3d.goods.puzzle.games,1,0.022814530432000005,0.0,0.022814530432000005
com.tripledot.blockbash,4,3.0044248280993746,0.41185483544084195,0.7511062070248437
com.tripledot.ginrummy,8,0.6194131182627596,0.11865158148724071,0.07742663978284495
com.tripledot.solitaire,131,24.713573582915206,0.5000620809088974,0.18865323345736798
com.tripledot.solitairescapes,1,0.003818554047619048,0.0,0.003818554047619048
com.tripledot.spades,1318,447.785134646878,0.553097559483646,0.33974592917062063
com.tripledot.tile.blossom,1,0.09474463071467902,0.0,0.09474463071467902
com.tripledot.tile.dynasty,1,0.04805951853529777,0.0,0.04805951853529777
com.tripledot.woodoku,5,1.242206689064633,0.19735637774239462,0.2484413378129266
com.trivia.star.android,3,0.5899054984579662,0.2742005703183713,0.19663516615265542
com.tsyatsya.mechangelion,10,0.05759379425317033,0.008329258598671674,0.005759379425317033
com.tunecho.music,1,1.0576822427239354,0.0,1.0576822427239354
com.turborilla.bike.racing.madskillsmotocross3,1,0.1082889928248119,0.0,0.1082889928248119
com.tvf.anti.stress.relaxing.mini.games,1,0.3191953929305985,0.0,0.3191953929305985
com.unicornstudio.cashparty.slots.casino.vegas.free,1,0.5864028869794182,0.0,0.5864028869794182
com.unicostudio.balltubes,1,0.5356475039236945,0.0,0.5356475039236945
com.unicostudio.braintest2new,5,0.4414778318899577,0.10872589763279128,0.08829556637799155
com.unicostudio.braintest4,1,0.06163726075524494,0.0,0.06163726075524494
com.utils.antivirustoolkit,23,0.9928673717911315,0.06231449278452385,0.04316814659961441
com.ventogames.findthecat,1,0.40849340620046537,0.0,0.40849340620046537
com.veraxen.ftd,1,0.002182545,0.0,0.002182545
com.veraxen.goodssort,2,1.5024999616423438,0.327292654147989,0.7512499808211719
com.vincentb.MobControl,5,0.6781867623264844,0.1258224637763953,0.1356373524652969
com.vitastudio.mahjong,77,19.167676701262977,0.49090133342973724,0.24893086625016853
com.vitastudio.senior.jigsaw,3,0.26909054668242716,0.1096280487617944,0.08969684889414238
com.vitastudio.solitaire,369,2.615813476567773,0.04126763941241372,0.007088925410752772
com.vitastudio.spider,26,2.215787726933282,0.16960415745068363,0.08522260488204932
com.vitec.easelifeEn,1,0.06183531055619047,0.0,0.06183531055619047
com.vivastudios.tower.battle,1,0.14582307526793875,0.0,0.14582307526793875
com.vottzapps.wordle,1,0.0059722149999999995,0.0,0.0059722149999999995
com.wallpaperdesign.wwallcreator,3,0.26345190574192745,0.12152408981927161,0.08781730191397581
com.wallpapersclub.wallpaper,1,0.006826855000000001,0.0,0.006826855000000001
com.weather.forecast.ytatr,5,0.5190118022950236,0.12483889519608138,0.10380236045900473
com.weegoon.thiefpuzzle,19,1.4576871861964542,0.06925053400535205,0.07672037822086601
com.wildcard.classicspades,290,99.1653476129263,0.44102927005955506,0.34194947452733204
com.wildcard.domino,5,1.1069323418468218,0.2461145633637895,0.22138646836936435
com.wildcard.spades,566,265.5775272358285,0.8648341863921231,0.46921824599969697
com.wildcard.spadespop,535,229.99911697743983,0.7610194636937899,0.4299048915466165
com.wonderful.sandcrush,1,0.02520536462899518,0.0,0.02520536462899518
com.wonderpeople.megahitpoker.global,5,0.7710571006936265,0.2921491524771227,0.1542114201387253
com.wood.block.sudoku.puzzle.bm,10,1.138202918042912,0.21666143818492492,0.11382029180429121
com.wood.bolt.wordle.screw.nuts.puzzle,3,0.29975850641919854,0.14040982932111354,0.09991950213973284
com.wordchain,1,0.08445824605589236,0.0,0.08445824605589236
com.wordgame.words.connect,3,0.3018798023391086,0.08736916711836268,0.10062660077970287
com.xentech.brickblast,2,0.04516753606574992,0.02158376803287496,0.02258376803287496
com.xiyou.puzzle.card.solitaire.classic,17,1.6983493691581073,0.15874593614149213,0.09990290406812397
com.yatzy.blitz.dice.roll.game,1,0.09196547735737132,0.0,0.09196547735737132
com.yatzy.classic.dice.duel.game,4,1.3014418525848068,0.37948997209048146,0.3253604631462017
com.yg.mini.games,32,0.5998642264201057,0.09265088770667691,0.018745757075628304
com.yg.realmotocross,1,0.5672268006788891,0.0,0.5672268006788891
com.yolo.differences.findmaster,1,0.0,0.0,0.0
com.yolo.hiddenobjects,5,0.7117190953227817,0.16276926709255998,0.14234381906455634
com.zakg.scaryteacher.hellgame,1,0.0,0.0,0.0
com.zariba.spades.offline,5,0.5118528771837298,0.10175451358494651,0.10237057543674596
com.zcmxd.pokergaga,1,0.13779500347237725,0.0,0.13779500347237725
com.zimad.art.puzzles,2,0.0787026629648576,0.004486957089746536,0.0393513314824288
com.zimad.domino.rivals,1,0.053564302856738286,0.0,0.053564302856738286
com.zimad.spades,1,0.0771557241519697,0.0,0.0771557241519697
com.zm.blockaway,4,1.5260774560332075,0.3187315375413039,0.3815193640083019
com.zm.watersort,1,0.16510526392317887,0.0,0.16510526392317887
com.zombie.gun.shooter,1,0.0,0.0,0.0
com.zynga.livepoker,4,0.5802941807163993,0.1543984916024852,0.14507354517909982
com.zynga.ozmatch,1,0.009537714646526618,0.0,0.009537714646526618
com.zynga.pottermatch,1,0.5673690771307326,0.0,0.5673690771307326
com.zynga.words,1,0.0962261781880009,0.0,0.0962261781880009
com.zynga.words3,6,1.5868410941693785,0.1429231381000073,0.2644735156948964
cribbage.card.game.classic.board.offline.multiplayer.poker.dice.score,67,16.04929402698763,0.49491149312782096,0.23954170189533777
daily.number.match.free.puzzle,2,0.5153163306438533,0.2568905462743076,0.25765816532192665
dasi.prs2.lumberchopper,7,2.718788188913543,0.6020681828832828,0.3883983127019347
de.lotum.whatsinthefoto.us,1,0.27198814041660224,0.0,0.27198814041660224
de.spielepalast.canastapalace,1,0.0,0.0,0.0
defense.roguelike.cell.shoot.survivor,1,0.05505753552380953,0.0,0.05505753552380953
digital.vim.conveyorrush,1,0.0049327588495238096,0.0,0.0049327588495238096
digital.vim.juststep,6,0.2845678761829375,0.046642541595996616,0.04742797936382292
dk.aaholst.clockwidget,1,0.0,0.0,0.0
domino.classic.board.free.games,171,1.036519648449873,0.020249922602846606,0.006061518411987562
fg.nuts.sort.journey,1,0.013797155313424004,0.0,0.013797155313424004
find.difference.spot.differences.hidden.puzzle.games.free,1,0.000628953,0.0,0.000628953
find.out.hidden.objects.seek.puzzle.games.free,1,0.03536645860554192,0.0,0.03536645860554192
fmradio.radiostation.livefm.musicradio,1,0.0,0.0,0.0
freecell.solitaire.free.cardgame.king.spades.klondike.no.ads.pro.patience,2,0.9285330393073161,0.46426651965365806,0.46426651965365806
freeplay.crowdrun.com,1,0.2553437375226767,0.0,0.2553437375226767
gallery.photomanager.picturegalleryapp.imagegallery,1,0.232458246784743,0.0,0.232458246784743
game.genix.nuts.bolts.twisted.tangle.puzzle,112,0.4656777563219501,0.015887540693172834,0.004157837110017411
game.water.sort.puzzle.android,6,0.0039992435210067035,0.0014904300619244329,0.0006665405868344506
games.burny.color.sort.woody.puzzle,2,0.05845328770970515,0.029226643854852574,0.029226643854852574
games.conifer.card.solitaire.klondike.free,1,0.027188178140470334,0.0,0.027188178140470334
games.elia.word7,1,0.11979632703825964,0.0,0.11979632703825964
games.flexus.trainminer,1,0.26457549220996096,0.0,0.26457549220996096
games.my.zombie.shooter,1,0.1846633777333323,0.0,0.1846633777333323
games.my.zombie.shooter.fps,1,1.2580724391382256,0.0,1.2580724391382256
games.resourcer.hex,1,0.0023,0.0,0.0023
games.taplab.thejourney,1,0.001206853,0.0,0.001206853
games.tatsumaki.minerush,4,0.2533816929144289,0.03219615167377415,0.06334542322860723
games.tatsumaki.ragdollblade,2,0.08792122729691314,0.01789238774018316,0.04396061364845657
gin.rummy.ginrummy.free.online.offline.classic.card.game,36,7.390723481880523,0.3490133866982489,0.20529787449668122
gin.rummy.plus.free.online.offline.classic.card.game,1,0.06653608138666063,0.0,0.06653608138666063
gridplus.nut.sort.puz3d,1,0.0005948482957225979,0.0,0.0005948482957225979
grill.sort.food.games.match.puzzle,6,4.786244182949467,1.4794899121956842,0.7977073638249111
hang.man.word.guessing.games,2,0.5008228039072935,0.10251413480693267,0.25041140195364675
happy.color.number.zen.coloring.paint.art,1,0.0028258800000000002,0.0,0.0028258800000000002
happy.paint.coloring.color.number,8,0.11770651833545585,0.01694135442624591,0.014713314791931982
happy.pixel.coloring.art.color.games,1,0.06224057836880668,0.0,0.06224057836880668
hidden.object.find.seek.search.mystery.puzzle.games.free,1,0.027282629693841504,0.0,0.027282629693841504
holy.bible.biblegame.bibleverse.color.by.number.colorbynumber.paint.pixel.art,1,0.06337053565318085,0.0,0.06337053565318085
holyscapes.bible.words.scapes.puzzle.free,2,0.008257721223529706,0.0034540191382351473,0.004128860611764853
in.crossy.daily_crossword,5,1.1868512244483065,0.4563593696053757,0.2373702448896613
in.daily_puzzle.crossword,4,0.06811212538520636,0.023570146645719544,0.01702803134630159
in.playsimple.crossword.go,4,1.9731061977661652,0.6543153704183632,0.4932765494415413
in.playsimple.jigsaw_puzzle,2,0.13852034343260047,0.06926017171630024,0.06926017171630024
in.playsimple.tripcross,7,1.6613560397599865,0.22010956860279404,0.2373365771085695
in.playsimple.triple.tile.matchgame.pair.three.puzzle.object.royale,3,2.6351732915825417,0.8013658584983443,0.8783910971941805
in.playsimple.wordbingo,6,2.147275272257736,0.2878910333348696,0.357879212042956
in.playsimple.wordsearch,6,0.6842677553780362,0.11512736570531813,0.11404462589633936
in.playsimple.wordsolitaire,1,0.02822511672973633,0.0,0.02822511672973633
in.playsimple.wordtour,2,0.84461260570615,0.4217108006506405,0.422306302853075
in.playsimple.wordtrip,19,5.1009678369596445,0.3266837950510321,0.26847199141892863
io.coolplay.backgammon,1,0.0,0.0,0.0
io.state.fight,1,0.04783890070847405,0.0,0.04783890070847405
io.supercent.ageofdinosaurs,3,0.5692932996449267,0.14503917539147987,0.18976443321497558
io.supercent.downhill,1,0.07593879388508465,0.0,0.07593879388508465
io.supercent.linkedcubic,1,0.8891092929711556,0.0,0.8891092929711556
io.supercent.pizzaidle,4,0.18263862391546815,0.03949997478728691,0.045659655978867036
io.voodoo.paper2,1,0.21167460552805256,0.0,0.21167460552805256
jigsaw.puzzle.color.master.paint.classical.hd.funny,1,1.0039845738752582,0.0,1.0039845738752582
jigsaw.puzzle.game.banana,79,0.9328604428421028,0.03622852768710481,0.011808360035975985
jp.co.goodroid.hyper.nutsandboltssort,1,1.6453638565151891,0.0,1.6453638565151891
likem.fanslike.movieinfo,2,0.9443003425517781,0.19959319369721235,0.47215017127588904
link.merge.puzzle.onnect.number,1,0.042650083157958985,0.0,0.042650083157958985
linkdesks.classic.solitaire,2,0.009859134,0.004929567,0.004929567
linkdesks.classic.solitaire.klondike,1,0.013925830949999999,0.0,0.013925830949999999
loppipoppi.dominoes,27,4.737544586984171,0.24721556796901717,0.17546461433274707
loppipoppi.numbermatch,4,0.090058307294315,0.02778627590010981,0.02251457682357875
loppipoppi.yatzy,2,0.21053886388679088,0.10526943194339544,0.10526943194339544
mahjong.classic.puzzle.android,18,0.13870221732018848,0.025595352805098268,0.007705678740010471
mahjong.mingle,3,0.06763731345684582,0.028630042526427788,0.02254577115228194
mahjong.solitaire.card.games.free.senior.match.puzzle,1,0.007182230000000001,0.0,0.007182230000000001
mahjongsolitaire.mahjong.solitaire.free.offline.game,1,0.0,0.0,0.0
mahjongsolitaire.mahjong.solitaire.tile.pair.match,2,0.16184538666946413,0.07806269333473206,0.08092269333473207
mahjongsolitaire.mahjong.solitaire.tile.pair.match.puzzle,1,0.0031442040000000003,0.0,0.0031442040000000003
match.tap3tile.talent,1,0.06727245342979937,0.0,0.06727245342979937
merge.blocks.drop.number.puzzle.games,1,0.17374142219259867,0.0,0.17374142219259867
monitoryourweight.bustan.net,1,3.6849210602990943,0.0,3.6849210602990943
net.peakgames.amy,2,0.1488255262862722,0.0744127631431361,0.0744127631431361
net.peakgames.ginrummyplus,4,1.8236988115466857,0.6304157066270178,0.4559247028866714
net.peakgames.mobile.spades.android,679,129.4776006846612,0.390633289188001,0.190688660802152
net.peakgames.toonblast,1,0.10024823299631251,0.0,0.10024823299631251
net.wooga.junes_journey_hidden_object_mystery_game,1,0.13204792770755414,0.0,0.13204792770755414
net.wyvernware.findthealien2,3,0.19939187153946658,0.05668863141174431,0.06646395717982219
net.wyvernware.whosthealien,2,0.00328398828,0.00164199414,0.00164199414
net.zedge.android,1,0.25649511515135814,0.0,0.25649511515135814
nut.sort.color.puzzle.offline.games,1,0.30150709142659216,0.0,0.30150709142659216
onet.tile.match.puzzle.android,2,0.2683074240108408,0.06499261978318237,0.1341537120054204
org.sabgames.domino,52,1.6982498419671908,0.07173172397784457,0.03265865080706136
org.smapps.sort,2,0.001150215,0.0005751075,0.0005751075
paint.by.number.pixel.art.coloring.drawing.puzzle,1,0.019868807577941898,0.0,0.019868807577941898
park.master.car.parking.games,19,0.06696696344728889,0.012710577267777808,0.0035245770235415204
pinochle.card.game.trick.solitaire.spades.bridge.bid.meld.multiplayer.game,27,4.269151578843757,0.20276503008426922,0.15811672514236136
play.roshka.holefill,46,0.193951952947513,0.015706916282187428,0.004216346803206804
pyramid.solitaire.classic.saga.tripeaks.egypt.free.cardgame,1,0.0,0.0,0.0
radio.usa,2,2.679403858668457,1.3397019293342285,1.3397019293342285
ru.fotostrana.sweetmeet,1,0.10919190700245862,0.0,0.10919190700245862
ru.skillcap.dominoes,7,2.3802724293822846,0.2368730352195579,0.3400389184831835
screw.puzzle.match3.brain.puzz,1,0.47060829066548177,0.0,0.47060829066548177
se.maginteractive.rumble.free,1,0.3545031570358892,0.0,0.3545031570358892
se.maginteractive.wordzee,1,0.0,0.0,0.0
se.raketspel.digaround,1,0.06546232344925582,0.0,0.06546232344925582
slots.machine.winning.android,1,0.02156170372457143,0.0,0.02156170372457143
slots.pcg.casino.games.free.android,1,0.13297227323809524,0.0,0.13297227323809524
solitaire.card.free.plus,2,0.1750712987068609,0.08753564935343044,0.08753564935343044
solitaire.collection.klondike.card.games.free.game,11,0.6385063989143596,0.07253204880991332,0.05804603626494178
solitaire.klondike.classic.card.games,1,0.003008623,0.0,0.003008623
solitaire.nostal.cardgame.puzzle,58,3.681516521592426,0.14916344420336952,0.0634744227860763
solitaire.patience.card.games.klondike.free,1,0.0,0.0,0.0
solitaire.spider.card.free.games.klondike.challenge.classic,1,0.0020798830000000003,0.0,0.0020798830000000003
solitaire.spider.card.free.mania,1,0.0,0.0,0.0
sort.ball.color.puzzle.sorting.tube.game,1,0.0064406819825897224,0.0,0.0064406819825897224
space.fighter.shooting.games,1,0.13806943250757575,0.0,0.13806943250757575
spades.solitaire.card.games.free,674,173.45283604098452,0.3633211689444006,0.25734842142579306
spelling.quiz.trivia.question.answer.correct.word.learn.language.puzzle,1,0.0347136441075,0.0,0.0347136441075
spider.classic.solitaire.card.pgmaker,5,0.6342048942263647,0.185421787740481,0.12684097884527296
spider.solitaire.play.classic.card.games.klondike.free.patience.garden,1,0.031198942257623194,0.0,0.031198942257623194
st.ows.checkers,13,2.512870663431999,0.27312138875874425,0.193297743340923
st.ows.chess,9,1.1201592540495247,0.14002843675987767,0.12446213933883607
studio.tg.rescue.cop,4,3.60401094246796,1.442685347597639,0.90100273561699
sudoku.puzzle.classic.math.games.train.brain,2,0.00206633,0.001033165,0.001033165
tower.defense.ant.conquer.games,1,0.23295780552181472,0.0,0.23295780552181472
tr.com.apps.drill.and.collect,4,0.39707501826758196,0.16864408413501605,0.09926875456689549
tr.com.apps.fashion.battle,1,0.0006209439974335408,0.0,0.0006209439974335408
traffic.car.jam.escape.parking.puzzle.race,1,0.034228212752644996,0.0,0.034228212752644996
traffic.parking.jam.escape.car3d.games,2,0.03828940399317453,0.019144701996587264,0.019144701996587264
trivia.master.question.quiz.answer.crack.star.millionaire.free.knowledge,17,1.2106117827741052,0.08107597283052931,0.07121245781024148
ttg.woodscrew.puzzle.wood.nuts.bolts,1,0.0027141619104,0.0,0.0027141619104
uk.co.aifactory.heartsfree,30,0.8480116688632213,0.03589962495037598,0.028267055628774043
us.current.android,1,1.0859519691882482,0.0,1.0859519691882482
water.sort.color.puzzle.offline.games,1,0.3000053598748489,0.0,0.3000053598748489
water.sort.puzzle.color.sorting.games,2,0.0366284096011556,0.013161129657720656,0.0183142048005778
wild.west.sniper,3,1.4420028762957917,0.08518772665751914,0.4806676254319306
wood.block.crush.adventure.puzzle.games,3,0.01938350190869028,0.006167981559081762,0.00646116730289676
wood.block.jigsaw.puzzle.android,2,0.0,0.0,0.0
wool.thread.sort.match.frenzy.color,1,0.0,0.0,0.0
word.bubble.pop.parts.combine.guess.find.swipe.crush.scrabble.puzzle.game,1,0.0389766962010915,0.0,0.0389766962010915
word.connect.free,6,0.0,0.0,0.0
word.search.cross.games,1,0.0,0.0,0.0
words.puzzle.wordgame.free.connect,108,0.7706500721043326,0.03744650805881715,0.0071356488157808574
wsjourney.word.puzzle,1,0.0017885398709106448,0.0,0.0017885398709106448
www.onlycar.supercarjumping,1,0.007358820191514586,0.0,0.007358820191514586
